type3,in_deg,out_deg,rep_proxy
0,6.7150884,7.7389307,21.169107
1,84.35995,81.03782,249.7577
2,7.6086955,0.72778827,15.94518
